exec_max,Iter_GRASP,Iter_ILS,n10m2_A,n10m2_B,n15m3_A,n15m3_B,n15m4_A,n15m4_B,n29m4_A,n29m4_B,n29m6_A,n29m6_B,n40m5_A,n40m5_B,n52m5_A,n52m5_B,n450m16_A,n500m10_A
10,1,1,763.000000,704.000000,1176.000000,1219.000000,810.000000,919.000000,1928.000000,1863.000000,1469.800000,1418.000000,480.000000,719.000000,7988.800000,9420.000000,7906.400000,7413.000000
10,2,1,788.000000,738.000000,1035.000000,1465.000000,993.500000,990.000000,1574.000000,1905.000000,1530.000000,1370.400000,518.000000,611.000000,9256.400000,9253.000000,7536.100000,7055.600000
