exec_max,Iter_GRASP,Iter_ILS,n10m2_A,n10m2_B,n15m3_A,n15m3_B,n15m4_A,n15m4_B,n29m4_A,n29m4_B,n29m6_A,n29m6_B,n40m5_A,n40m5_B,n52m5_A,n52m5_B,n450m16_A.txt,n500m10_A
1,0,0,1247.000000,741.000000,1813.000000,1257.000000,951.000000,1653.000000,2333.000000,2306.000000,2000.000000,1613.000000,655.000000,922.000000,10375.000000,8776.000000,9999,9999
5,0,0,917.000000,755.000000,1480.000000,1790.800000,926.000000,1003.000000,2316.000000,1796.000000,1498.000000,1198.000000,638.800000,989.000000,8627.400000,9578.000000,9411.200000,7372.000000
10,0,0,952.000000,870.000000,1440.000000,1240.600000,1079.000000,1212.200000,1956.500000,2458.500000,1678.000000,1640.700000,600.600000,834.000000,9796.700000,10240.200000,9999,9999
