exec_max,Iter_GRASP,Iter_ILS,n10m2_A,n10m2_B,n15m3_A,n15m3_B,n15m4_A,n15m4_B,n29m4_A,n29m4_B,n29m6_A,n29m6_B,n40m5_A,n40m5_B,n52m5_A,n52m5_B,n450m16_A,n500m10_A
10,1,1,0.000000,0.000000,248000.000000,0.000000,0.000000,0.000000,0.000000,0.000000,50900.000000,204800.000000,239700.000000,101400.000000,451700.000000,352000.000000,25497200.000000,29957700.000000
10,2,1,100400.000000,99600.000000,59100.000000,143500.000000,0.000000,220200.000000,353200.000000,458100.000000,319500.000000,193700.000000,1081100.000000,1595000.000000,2132300.000000,611300.000000,57880100.000000,74219200.000000
