exec_max,Iter_GRASP,Iter_ILS,n10m2_A,n10m2_B,n15m3_A,n15m3_B,n15m4_A,n15m4_B,n29m4_A,n29m4_B,n29m6_A,n29m6_B,n40m5_A,n40m5_B,n52m5_A,n52m5_B,n450m16_A.txt,n500m10_A
1,3,2,1060.000000,741.000000,1218.000000,1189.000000,951.000000,970.000000,1597.000000,1861.000000,1356.000000,1488.000000,555.000000,719.000000,8813.000000,8193.000000,9999,9999
5,8,4,780.000000,696.000000,1222.000000,1105.000000,886.000000,838.000000,1590.000000,1796.000000,1210.000000,1198.000000,430.000000,647.000000,7480.000000,8563.000000,7341.000000,6552.200000
10,16,4,788.000000,704.000000,1078.000000,1113.300000,813.000000,902.000000,1497.000000,1646.000000,1442.000000,1238.000000,536.300000,626.000000,7448.600000,7415.000000,9999,9999
