exec_max,Iter_GRASP,Iter_ILS,n10m2_A,n10m2_B,n15m3_A,n15m3_B,n15m4_A,n15m4_B,n29m4_A,n29m4_B,n29m6_A,n29m6_B,n40m5_A,n40m5_B,n52m5_A,n52m5_B,n450m16_A,n500m10_A
10,1,1,763.000000,781.200000,1176.000000,1434.000000,870.000000,956.000000,1943.000000,2475.000000,1669.600000,1470.000000,594.000000,719.000000,8814.400000,11195.000000,9042.800000,7706.400000
10,2,1,846.000000,738.000000,1068.000000,1465.000000,1054.800000,1039.000000,1716.400000,1905.000000,2200.000000,1471.400000,548.000000,649.600000,9643.000000,10567.000000,8811.500000,7510.900000
