exec_max,Iter_GRASP,Iter_ILS,n10m2_A,n10m2_B,n15m3_A,n15m3_B,n15m4_A,n15m4_B,n29m4_A,n29m4_B,n29m6_A,n29m6_B,n40m5_A,n40m5_B,n52m5_A,n52m5_B,n450m16_A,n500m10_A
10,1,1,0.000103,0.001362,0.000388,0.002998,0.003049,0.003134,0.003575,0.003347,0.003538,0.003772,0.004097,0.000558,0.003450,0.004476,0.072023,0.092497
10,2,1,0.006269,0.000533,0.006711,0.000478,0.004251,0.006617,0.009232,0.001559,0.007470,0.007338,0.010425,0.005892,0.012320,0.010116,0.335441,0.392764
