exec_max,Iter_GRASP,Iter_ILS,n10m2_A,n10m2_B,n15m3_A,n15m3_B,n15m4_A,n15m4_B,n29m4_A,n29m4_B,n29m6_A,n29m6_B,n40m5_A,n40m5_B,n52m5_A,n52m5_B,n450m16_A,n500m10_A
10,1,1,0.000000,0.000000,0.000000,0.000000,0.000000,223700.000000,0.000000,128300.000000,0.000000,0.000000,6000.000000,0.000000,98800.000000,104700.000000,1420700.000000,1517800.000000
10,2,1,0.000000,132200.000000,52500.000000,0.000000,99900.000000,0.000000,100200.000000,0.000000,0.000000,395900.000000,197700.000000,100300.000000,0.000000,236400.000000,4348000.000000,2978500.000000
