exec_max,Iter_GRASP,Iter_ILS,n10m2_A,n10m2_B,n15m3_A,n15m3_B,n15m4_A,n15m4_B,n29m4_A,n29m4_B,n29m6_A,n29m6_B,n40m5_A,n40m5_B,n52m5_A,n52m5_B,n450m16_A,n500m10_A
10,1,1,784.000000,887.000000,1686.000000,1434.000000,905.000000,956.000000,1943.000000,2475.000000,1669.600000,1470.000000,606.000000,719.000000,9540.800000,11195.000000,9150.500000,7721.200000
10,2,1,871.000000,801.000000,1300.000000,1465.000000,1083.200000,1192.000000,1719.000000,1905.000000,2200.000000,1577.400000,551.000000,711.200000,10070.000000,10567.000000,8867.000000,7528.600000
