exec_max,Iter_GRASP,Iter_ILS,n10m2_A,n10m2_B,n15m3_A,n15m3_B,n15m4_A,n15m4_B,n29m4_A,n29m4_B,n29m6_A,n29m6_B,n40m5_A,n40m5_B,n52m5_A,n52m5_B,n450m16_A.txt,n500m10_A
1,3,2,0.003977,0.000000,0.005596,0.006069,0.004005,0.005626,0.012650,0.012031,0.021676,0.008071,0.024002,0.024160,0.033931,0.036196,9999,9999
5,8,4,0.007145,0.013178,0.018017,0.018778,0.016230,0.015558,0.061239,0.035637,0.047259,0.031013,0.118062,0.078883,0.126460,0.127378,10.288483,11.344789
10,16,4,0.008663,0.016561,0.021257,0.023490,0.024112,0.028939,0.074713,0.085912,0.087692,0.076468,0.145512,0.162800,0.260618,0.284789,9999,9999
